,informacion_urls,urls_combinadas_execcion1
0,"Senior Home Care Auburn New Hampshire (NH)
America's Premier Senior Home Care Provider!
Visiting Angels14 Hookset Rd, Auburn NH 03032603-483-8999
Serving Manchester, Derry, Concord, Auburn NH and the Surrounding Area",https://www.visitingangels.com/senior-homecare-auburn-new-hampshire-03032_1316
1,"Senior Home Care Claremont New Hampshire (NH)
America's Premier Senior Home Care Provider!
Visiting Angels24 Opera House Square Ste 209 Claremont NH 03743603-504-6080
Serving Brattleboro to Hanover and the Surrounding Communities",https://www.visitingangels.com/senior-homecare-claremont-new-hampshire-03743_1134
2,"Senior Home Care Gilford New Hampshire (NH)
America's Premier Senior Home Care Provider!
Visiting Angels401 Gilford Ave  #208 Gilford NH 03249603-366-1993
Serving the Lakes Region of New Hampshire and surrounding towns",https://www.visitingangels.com/senior-homecare-gilford-new-hampshire-03249_1317
3,"Senior Home Care Nashua New Hampshire (NH)
America's Premier Senior Home Care Provider!
Visiting Angels39 Simon St #4 Nashua NH 03060603-821-0277
Serving Nashua, Merrimack, Hudson, NH and the Surrounding Communities",https://www.visitingangels.com/senior-homecare-nashua-new-hampshire-03060_575
4,"Senior Home Care Stratham New Hampshire (NH)
America's Premier Senior Home Care Provider!
Visiting Angels118 Portsmouth Ave #B2C Stratham NH 03885603-583-4890
Serving the Seacoast of New Hampshire",https://www.visitingangels.com/senior-homecare-stratham-new-hampshire-03885_1275
5,"Senior Home Care Bayonne New Jersey (NJ)
America's Premier Senior Home Care Provider!
Visiting Angels366 Broadway Bayonne NJ 07002 201-306-9313
Serving Jersey City, Bayonne and the Surrounding Area",https://www.visitingangels.com/senior-homecare-bayonne-new-jersey-07002_966
6,"Senior Home Care Brick New Jersey (NJ)
America's Premier Senior Home Care Provider!
Visiting Angels74 Brick Blvd #109A Brick NJ 08723732-240-1050
Serving the Greater Toms River- Brick area and communities throughout Ocean County",https://www.visitingangels.com/senior-homecare-brick-new-jersey-08723_1198
7,"Senior Home Care Caldwell New Jersey (NJ)
America's Premier Senior Home Care Provider!
Visiting Angels7 Cleveland St Caldwell NJ 07006973-226-9090
Serving Suburban Essex, NJ",https://www.visitingangels.com/senior-homecare-caldwell-new-jersey-07006_514
8,"Senior Home Care Cherry Hill New Jersey (NJ)
America's Premier Senior Home Care Provider!
Visiting Angels1930 Marlton Pike E  #L-61 Cherry Hill NJ 08003856-470-1215
Serving Cherry Hill, Marlton, and the Camden County Area",https://www.visitingangels.com/senior-homecare-cherry-hill-new-jersey-08003_1221
9,"Senior Home Care Egg Harbor Twp New Jersey (NJ)
America's Premier Senior Home Care Provider!
Visiting Angels3153 Fire Road Unit BEgg Harbor Twp NJ 08234609-641-7200
Serving Egg Harbor Township & Atlantic County, NJ",https://www.visitingangels.com/senior-homecare-egg-harbor-twp-new-jersey-08234_308
10,"Senior Home Care Fort Lee New Jersey (NJ)
America's Premier Senior Home Care Provider!
Visiting Angels2125 Center Ave #110 Fort Lee NJ 07024201-820-0764
Serving Fort Lee, Cliffside Park,  Leonia and the Surrounding Areas",https://www.visitingangels.com/senior-homecare-fort-lee-new-jersey-07024_962
11,"Senior Home Care Hillsborough New Jersey (NJ)
America's Premier Senior Home Care Provider!
Visiting Angels450 Amwell Road  #J-8  Hillsborough NJ 08844908-262-7374
Serving the Communities in Somerset and Middlesex Counties",https://www.visitingangels.com/senior-homecare-hillsborough-new-jersey-08844_742
12,"Senior Home Care Hoboken New Jersey (NJ)
America's Premier Senior Home Care Provider!
Visiting Angels50 Harrison St  #211A Hoboken NJ 07030201-533-1415
Serving Hoboken, Secaucus, Kearny, North Arlington and Other Hudson County Communities",https://www.visitingangels.com/senior-homecare-hoboken-new-jersey-07030_701
13,"Senior Home Care Lawrenceville New Jersey (NJ)
America's Premier Senior Home Care Provider!
Visiting Angels140 Darrah Ln Lawrenceville NJ 08648609-883-8188
Serving Mercer & Burlington Counties in New Jersey",https://www.visitingangels.com/senior-homecare-lawrenceville-new-jersey-08648_458
14,"Senior Home Care Mantua Township New Jersey (NJ)
America's Premier Senior Home Care Provider!
Visiting Angels397 Bridgeton Pk Mantua Township NJ 08051856-292-3340
Serving Mantua, NJ and the Communities of Gloucester County, NJ",https://www.visitingangels.com/senior-homecare-mantua-township-new-jersey-08051_480
15,"Senior Home Care Marmora New Jersey (NJ)
America's Premier Senior Home Care Provider!
Visiting Angels110 Roosevelt Blvd #109 Marmora NJ 08223609-545-8258
Serving Cape May & Cumberland Counties Including Areas of Gloucester and Salem Counties",https://www.visitingangels.com/senior-homecare-marmora-new-jersey-08223_674
16,"Senior Home Care Matawan New Jersey (NJ)
America's Premier Senior Home Care Provider!
Visiting Angels5 Ravine Dr #2A Matawan NJ 07747732-671-2899
Serving Southern Middlesex to Northern Monmouth Counties from Woodbridge to Middletown",https://www.visitingangels.com/senior-homecare-matawan-new-jersey-07747_1132
17,"Senior Home Care Morristown New Jersey (NJ)
America's Premier Senior Home Care Provider!
Visiting Angels55 Madison Ave #400 Morristown NJ 07960908-572-7017
Serving Morris, Somerset, Warren & Hunterdon Counties, NJ.",https://www.visitingangels.com/senior-homecare-morristown-new-jersey-07960_71
18,"Senior Home Care Ramsey New Jersey (NJ)
America's Premier Senior Home Care Provider!
Visiting Angels17 S. Franklin Tpk 1st Floor #3 Ramsey NJ 07446201-825-7900
Serving Northwestern Bergen County, NJ",https://www.visitingangels.com/senior-homecare-ramsey-new-jersey-07446_683
19,"Senior Home Care Red Bank New Jersey (NJ)
America's Premier Senior Home Care Provider!
Visiting Angels62 Maple Avenue #1Red Bank NJ 07701(732) 450-8004 
Serving Red Bank, Long Branch, Tinton Falls and other Monmouth County Communities, NJ",https://www.visitingangels.com/senior-homecare-red-bank-new-jersey-07701_223
20,"Senior Home Care Scotch Plains New Jersey (NJ)
America's Premier Senior Home Care Provider!
Visiting Angels1801 E 2nd St, Scotch Plains NJ 07076908-322-0056
Serving Scotch Plains, NJ and the Surrounding Communities.",https://www.visitingangels.com/senior-homecare-scotch-plains-new-jersey-07076_1225
21,"Senior Home Care Sparta New Jersey (NJ)
America's Premier Senior Home Care Provider!
Visiting Angels328C Sparta Avenue Sparta NJ 07871973-726-3010
Serving Sussex County and the Surrounding Areas",https://www.visitingangels.com/senior-homecare-sparta-new-jersey-07871_690
22,"Senior Home Care Springfield New Jersey (NJ)
America's Premier Senior Home Care Provider!
Visiting Angels485 Morris Ave #201 Springfield NJ 07081908-497-7016
Serving Communities of Union, Summit and Livingston, NJ",https://www.visitingangels.com/senior-homecare-springfield-new-jersey-07081_389
23,"Senior Home Care Wall New Jersey (NJ)
America's Premier Senior Home Care Provider!
Visiting Angels2510 Belmar Blvd  K8 Wall NJ 07719732-722-7747
Serving Southern Monmouth County",https://www.visitingangels.com/senior-homecare-wall-new-jersey-07719_908
24,"Senior Home Care Wayne New Jersey (NJ)
America's Premier Senior Home Care Provider!
Visiting Angels2190 Hamburg Turnpike #A Wayne NJ 07470973-839-3761
Serving Passaic & Bergen Counties including Wayne, Passaic, Clifton, and nearby Cities",https://www.visitingangels.com/senior-homecare-wayne-new-jersey-07470_782
25,"Senior Home Care Willingboro New Jersey (NJ)
America's Premier Senior Home Care Provider!
Visiting Angels200 Campbell Dr #105C Willingboro NJ 08046609-883-8188
Serving Burlington and Mercer Counties, NJ",https://www.visitingangels.com/senior-homecare-willingboro-new-jersey-08046_532
26,"Senior Home Care Albuquerque New Mexico (NM)
America's Premier Senior Home Care Provider!
Visiting Angels1931 Alvarado Dr NE  Albuquerque NM 87110505-821-7500
Serving Albuquerque, Rio Rancho and Surrounding Areas",https://www.visitingangels.com/senior-homecare-albuquerque-new-mexico-87110_881
27,"Senior Home Care Farmington New Mexico (NM)
America's Premier Senior Home Care Provider!
Visiting Angels1515 20th St #F Farmington NM 87401505-516-1150
Serving Farmington, Aztec, Bloomfield, Navajo Dam, Flora Vista and Surrounding Areas",https://www.visitingangels.com/senior-homecare-farmington-new-mexico-87401_1059
28,"Senior Home Care Las Cruces New Mexico (NM)
America's Premier Senior Home Care Provider!
Visiting Angels1990 E Lohman Ave #107 Las Cruces NM 88001575-222-1183
Serving Las Cruces and Surrounding Areas",https://www.visitingangels.com/senior-homecare-las-cruces-new-mexico-88001_1263
29,"Senior Home Care Roswell New Mexico (NM)
America's Premier Senior Home Care Provider!
Visiting Angels711 W Alameda St Suite B Roswell NM 88203575-622-6539
Serving Roswell and the Surrounding Areas",https://www.visitingangels.com/senior-homecare-roswell-new-mexico-88203_928
30,"Senior Home Care Santa Fe New Mexico (NM)
America's Premier Senior Home Care Provider!
Visiting Angels411 St Michaels Dr #3 Santa Fe NM 87505505-417-6771
Serving Santa Fe, Taos, Espanola, Los Alamos, Bernalillo, Corrales and Surrounding Areas",https://www.visitingangels.com/senior-homecare-santa-fe-new-mexico-87505_944
31,"Senior Home Care Amarillo Texas (TX)
America's Premier Senior Home Care Provider!
Visiting Angels6009 Belpree Rd Amarillo TX 79106806-344-8264
Serving the Amarillo Area and the Texas Panhandle",https://www.visitingangels.com/senior-homecare-amarillo-texas-79106_923
32,"Senior Home Care  Horseheads New York (NY)
America's Premier Senior Home Care Provider!
Visiting Angels168 Miller St. # B103  Horseheads NY 14845607-846-2370
Serving Elmira, Horseheads, Corning, Bath, Hammondsport and Surrounding Areas",https://www.visitingangels.com/senior-homecare-horseheads-new-york-14845_1020
33,"Senior Home Care Albany New York (NY)
America's Premier Senior Home Care Provider!
Visiting Angels125 Wolf Road  #503-1 Albany NY 12205518-389-2999
Serving the Capital District",https://www.visitingangels.com/senior-homecare-albany-new-york-12205_714
34,"Senior Home Care White Plains New York (NY)
America's Premier Senior Home Care Provider!
Visiting Angels4 W Red Oak Ln  #112 White Plains NY 10604914-696-4200
Serving Westchester County",https://www.visitingangels.com/senior-homecare-white-plains-new-york-10604_867
35,"Senior Home Care Asheville North Carolina (NC)
America's Premier Senior Home Care Provider!
Visiting Angels24 Sardis Rd #H-I Asheville NC 28806828-665-3944
Serving Asheville, Hendersonville, Black Mountain, Weaverville, Waynesville, and the Surrounding Areas",https://www.visitingangels.com/senior-homecare-asheville-north-carolina-28806_1104
36,"Senior Home Care Burlington North Carolina (NC)
America's Premier Senior Home Care Provider!
Visiting Angels2602 Eric Lane Suite C3 Burlington NC 27215919-321-2129
Serving Alamance County - Burlington, Mebane, Graham, Elon, and Haw River",https://www.visitingangels.com/senior-homecare-burlington-north-carolina-27215_1212
37,"Senior Home Care Carrboro North Carolina (NC)
America's Premier Senior Home Care Provider!
Visiting Angels104 Jones Ferry Rd #A Carrboro NC 27510919-321-2136
Serving Orange, Durham, Chatham and Alamance Counties",https://www.visitingangels.com/senior-homecare-carrboro-north-carolina-27510_1172
38,"Senior Home Care Charlotte North Carolina (NC)
America's Premier Senior Home Care Provider!
Visiting Angels125 Floyd Smith Dr #180 Charlotte NC 28262704-549-4010
Serving Charlotte Metropolitan Area and Concord, NC",https://www.visitingangels.com/senior-homecare-charlotte-north-carolina-28262_69
39,"Senior Home Care Southern Charlotte North Carolina (NC)
America's Premier Senior Home Care Provider!
Visiting Angels1510-B Orchard Lake Dr Charlotte NC 28270704-841-1160
Serving Southern Mecklenburg & Union Counties",https://www.visitingangels.com/senior-homecare-southern-charlotte-north-carolina-28270_719
40,"Senior Home Care Cornelius North Carolina (NC)
America's Premier Senior Home Care Provider!
Visiting Angels19901 W Catawba Ave  #207 Cornelius NC 28031704-892-8886
Serving Cornelius, Huntersville, Davidson, Mooresville, Statesville, Denver and Surrounding Communities",https://www.visitingangels.com/senior-homecare-cornelius-north-carolina-28031_705
41,"Senior Home Care Durham North Carolina (NC)
America's Premier Senior Home Care Provider!
Visiting Angels5007 Southpart Drive  #200J  Durham NC 27713HC2782919-321-2159
Serving Durham, Person County and the Surrounding Areas",https://www.visitingangels.com/senior-homecare-durham-north-carolina-27713_1287
42,"Senior Home Care Elizabeth City North Carolina (NC)
America's Premier Senior Home Care Provider!
Visiting Angels1100 W Ehringhaus St  #B Elizabeth City NC 27909HC2973252-261-9911
Serving Elizabeth City, the Outer Banks and Surrounding Areas",https://www.visitingangels.com/senior-homecare-elizabeth-city-north-carolina-27909_1327
43,"Senior Home Care Fayetteville North Carolina (NC)
America's Premier Senior Home Care Provider!
Visiting Angels2929 Breezewood Avenue  #201 Fayetteville NC 28303910-500-6955
Serving Fayetteville, Southern Pines, Lumberton and Surrounding Areas",https://www.visitingangels.com/senior-homecare-fayetteville-north-carolina-28303_1099
44,"Senior Home Care Gastonia North Carolina (NC)
America's Premier Senior Home Care Provider!
Visiting Angels1544 Union Rd Ste B Gastonia NC 28054704-825-3350
Serving Gastonia, Cramerton, Kings Mountain, Shelby, Belmont and Surrounding Communities in Gaston and Cleveland Counties",https://www.visitingangels.com/senior-homecare-gastonia-north-carolina-28054_1224
45,"Senior Home Care Greensboro North Carolina (NC)
America's Premier Senior Home Care Provider!
Visiting Angels532 N Regional Rd #L Greensboro NC 27409336-665-5345
Serving Greensboro, High Point, Winston-Salem and the Triad Area",https://www.visitingangels.com/senior-homecare-greensboro-north-carolina-27409_615
46,"Senior Home Care Greenville North Carolina (NC)
America's Premier Senior Home Care Provider!
Visiting Angels1290 E Arlington Blvd  #112 Greenville NC 27858252-227-9080
Serving Greenville, New Bern, Morehead City, Oriental, NC and the Surrounding Communities",https://www.visitingangels.com/senior-homecare-greenville-north-carolina-27858_603
47,"Senior Home Care Jacksonville North Carolina (NC)
America's Premier Senior Home Care Provider!
Visiting Angels825 Gum Branch Rd #132 Jacksonville NC 28540910-420-9016
Serving Jacksonville, Sneads Ferry, Topsail Beach and Surrounding Areas",https://www.visitingangels.com/senior-homecare-jacksonville-north-carolina-28540_1196
48,"Senior Home Care Lenoir North Carolina (NC)
America's Premier Senior Home Care Provider!
Visiting Angels1822 Hickory Blvd SW Lenoir NC 28645828-572-4300
Serving Caldwell, Burke, Catawba and Alexander Counties",https://www.visitingangels.com/senior-homecare-lenoir-north-carolina-28645_1292
49,"Senior Home Care Raleigh North Carolina (NC)
America's Premier Senior Home Care Provider!
Visiting Angels5700 Six Forks Rd #102 Raleigh NC 27609919-787-4317
Serving Raleigh, Cary, Wake Forest, Fuquay-Varina and other Wake County, NC Communities",https://www.visitingangels.com/senior-homecare-raleigh-north-carolina-27609_68
50,"Senior Home Care Wilmington North Carolina (NC)
America's Premier Senior Home Care Provider!
Visiting Angels3205 Randall Pkwy #127 Wilmington NC 28403910-777-5926
Serving Wilmington and New Hanover County",https://www.visitingangels.com/senior-homecare-wilmington-north-carolina-28403_1034
51,"Senior Home Care Winston-Salem North Carolina (NC)
America's Premier Senior Home Care Provider!
Visiting Angels1540 Westbrook Plaza Dr #104Winston-Salem NC 27103336-665-5345 First Time Inquiries
Serving Winston-Salem and the Triad",https://www.visitingangels.com/senior-homecare-winston-salem-north-carolina-27103_848
52,"Senior Home Care Minot North Dakota (ND)
America's Premier Senior Home Care Provider!
Visiting Angels7 - 3rd St SE  #101 Minot ND 58701701-852-2636
Serving the City of Minot and the Surrounding Areas",https://www.visitingangels.com/senior-homecare-minot-north-dakota-58701_981
53,"Senior Home Care East Providence Rhode Island (RI)
America's Premier Senior Home Care Provider!
Visiting Angels224 Taunton Ave East Providence RI 02914401-270-4664
Serving Providence & Bristol Counties and Surrounding Communities",https://www.visitingangels.com/senior-homecare-east-providence-rhode-island-02914_605
54,"Senior Home Care Warwick Rhode Island (RI)
America's Premier Senior Home Care Provider!
Visiting Angels1865 Post Rd #103 Warwick RI 02886401-384-7900
Serving Washington, Kent , Western Providence and Newport  Counties",https://www.visitingangels.com/senior-homecare-warwick-rhode-island-02886_1195
55,"Senior Home Care Aiken South Carolina (SC)
America's Premier Senior Home Care Provider!
Visiting Angels2218 Woodside Executive Ct, Aiken SC 29803803-335-3660
Serving Aiken, North Augusta, Graniteville, Warrenville, Beech Island, SC, and the Surrounding Area",https://www.visitingangels.com/senior-homecare-aiken-south-carolina-29803_885
56,"Senior Home Care Anderson South Carolina (SC)
America's Premier Senior Home Care Provider!
Visiting Angels135 Straight Dr Anderson SC 29625864-225-4868
Serving Communities in Anderson County, SC",https://www.visitingangels.com/senior-homecare-anderson-south-carolina-29625_766
57,"Senior Home Care Bluffton South Carolina (SC)
America's Premier Senior Home Care Provider!
Visiting Angels29 Plantation Park  #114 Bluffton SC 29910843-757-1002
Serving Hilton Head, Bluffton, Beaufort and the Surrounding Areas",https://www.visitingangels.com/senior-homecare-bluffton-south-carolina-29910_784
58,"Senior Home Care Columbia South Carolina (SC)
America's Premier Senior Home Care Provider!
Visiting Angels1053b Sparkleberry Ln Ext Columbia SC 29223803-739-0905
Serving the Greater Columbia Area",https://www.visitingangels.com/senior-homecare-columbia-south-carolina-29223_1235
59,"Senior Home Care Duncan South Carolina (SC)
America's Premier Senior Home Care Provider!
Visiting Angels609 E Main St Duncan SC 29334864-881-0520
Serving the Communities from Spartanburg to Taylors",https://www.visitingangels.com/senior-homecare-duncan-south-carolina-29334_1035
60,"Senior Home Care Greenville South Carolina (SC)
America's Premier Senior Home Care Provider!
Visiting Angels236 Adley Way Greenville SC 29607864-284-6370
Serving Communities in Greenville County, SC",https://www.visitingangels.com/senior-homecare-greenville-south-carolina-29607_213
61,"Senior Home Care Indian Land South Carolina (SC)
America's Premier Senior Home Care Provider!
Visiting Angels1040 Edgewater Pkwy Indian Land SC 29707803-610-4200
Serving York County",https://www.visitingangels.com/senior-homecare-indian-land-south-carolina-29707_1233
62,"Senior Home Care Mt Pleasant South Carolina (SC)
America's Premier Senior Home Care Provider!
Visiting Angels1041 Johnnie Dodds Blvd #4C Mt Pleasant SC 29464843-884-2828
Serving Charleston and the Surrounding Areas",https://www.visitingangels.com/senior-homecare-mt-pleasant-south-carolina-29464_1011
63,"Senior Home Care Myrtle Beach South Carolina (SC)
America's Premier Senior Home Care Provider!
Visiting Angels2105-D Cromley Cir Myrtle Beach SC 29577843-970-2888
Serving the Grand Strand, Myrtle Beach and Surrounding Areas",https://www.visitingangels.com/senior-homecare-myrtle-beach-south-carolina-29577_967
64,"Senior Home Care Rock Hill South Carolina (SC)
America's Premier Senior Home Care Provider!
Visiting Angels1615 Ebenezer Rd Rock Hill SC 29732803-610-4200
Serving York, Lancaster, Chester and Surrounding Counties",https://www.visitingangels.com/senior-homecare-rock-hill-south-carolina-29732_750
65,"Senior Home Care Summerville South Carolina (SC)
America's Premier Senior Home Care Provider!
Visiting Angels211-A Stallsville Loop Rd Summerville SC 29485843-285-5155
Serving Dorchester County and Surrounding Areas",https://www.visitingangels.com/senior-homecare-summerville-south-carolina-29485_970
66,"Senior Home Care Sumter South Carolina (SC)
America's Premier Senior Home Care Provider!
Visiting Angels618 Bultman Dr #A Sumter SC 29150 803-418-5441
Serving Sumter, Clarendon, Lee and Florence Counties",https://www.visitingangels.com/senior-homecare-sumter-south-carolina-29150_1234
67,"Senior Home Care Sioux Falls South Dakota (SD)
America's Premier Senior Home Care Provider!
Visiting Angels528 N. Sycamore Ave  #100  Sioux Falls SD 57110605-540-4444
Serving Sioux Falls and the Surrounding areas.",https://www.visitingangels.com/senior-homecare-sioux-falls-south-dakota-57110_989
68,"Senior Home Care Sioux City Iowa (IA)
America's Premier Senior Home Care Provider!
Visiting Angels3133 Floyd Blvd #B Sioux City IA 51108712-212-9246
Serving Siouxland including Sioux City, IA and parts of Northeast Nebraska & Southeast South Dakota",https://www.visitingangels.com/senior-homecare-sioux-city-iowa-51108_945
69,"Senior Home Care Barboursville West Virginia (WV)
America's Premier Senior Home Care Provider!
Visiting Angels6007 US Rte 60 E  #109 Barboursville WV 25504304-400-4946
Serving Huntington, Barboursville, Milton and the Surrounding Areas",https://www.visitingangels.com/senior-homecare-barboursville-west-virginia-25504_1147
70,"Senior Home Care Bridgeport West Virginia (WV)
America's Premier Senior Home Care Provider!
Visiting Angels212 Newton St Bridgeport WV 26330304-842-0199
Serving Harrison, Taylor, Barbour, Upshur, Lewis, and Marion Counties, West Viriginia",https://www.visitingangels.com/senior-homecare-bridgeport-west-virginia-26330_128
71,"Senior Home Care Morgantown West Virginia (WV)
America's Premier Senior Home Care Provider!
Visiting Angels2000 Coombs Farm Dr Bldg B #206 Morgantown WV 26508888-777-5810
Serving the Communities of Monongalia and Preston Counties",https://www.visitingangels.com/senior-homecare-morgantown-west-virginia-26508_723
72,"Senior Home Care S Charleston West Virginia (WV)
America's Premier Senior Home Care Provider!
Visiting Angels507 1st Ave S Charleston WV 25303304-400-4946
Serving Greater Charleston, WV Including the Counties Kanawha, Cabell,and Putnam",https://www.visitingangels.com/senior-homecare-s-charleston-west-virginia-25303_779
73,"Senior Home Care Weirton West Virginia (WV)
America's Premier Senior Home Care Provider!
Visiting Angels203 Three Springs Drive #3 Weirton WV 26062304-214-5550
Serving Brook and Hancock Counties in WV and Jefferson County, OH",https://www.visitingangels.com/senior-homecare-weirton-west-virginia-26062_1215
74,"Senior Home Care Wheeling West Virginia (WV)
America's Premier Senior Home Care Provider!
Visiting Angels76 Sixteenth St #500Wheeling WV 26003304-214-5550
Serving Wheeling and the Upper Ohio Valley, West Virginia",https://www.visitingangels.com/senior-homecare-wheeling-west-virginia-26003_601
