,url_total
0,https://www.visitingangels.com/senior-homecare-auburn-new-hampshire-03032_1316
1,https://www.visitingangels.com/senior-homecare-claremont-new-hampshire-03743_1134
2,https://www.visitingangels.com/senior-homecare-gilford-new-hampshire-03249_1317
3,https://www.visitingangels.com/senior-homecare-nashua-new-hampshire-03060_575
4,https://www.visitingangels.com/senior-homecare-stratham-new-hampshire-03885_1275
5,https://www.visitingangels.com/senior-homecare-bayonne-new-jersey-07002_966
6,https://www.visitingangels.com/senior-homecare-brick-new-jersey-08723_1198
7,https://www.visitingangels.com/senior-homecare-caldwell-new-jersey-07006_514
8,https://www.visitingangels.com/senior-homecare-cherry-hill-new-jersey-08003_1221
9,https://www.visitingangels.com/senior-homecare-egg-harbor-twp-new-jersey-08234_308
10,https://www.visitingangels.com/senior-homecare-fort-lee-new-jersey-07024_962
11,https://www.visitingangels.com/senior-homecare-hillsborough-new-jersey-08844_742
12,https://www.visitingangels.com/senior-homecare-hoboken-new-jersey-07030_701
13,https://www.visitingangels.com/senior-homecare-lawrenceville-new-jersey-08648_458
14,https://www.visitingangels.com/senior-homecare-mantua-township-new-jersey-08051_480
15,https://www.visitingangels.com/senior-homecare-marmora-new-jersey-08223_674
16,https://www.visitingangels.com/senior-homecare-matawan-new-jersey-07747_1132
17,https://www.visitingangels.com/senior-homecare-morristown-new-jersey-07960_71
18,https://www.visitingangels.com/senior-homecare-ramsey-new-jersey-07446_683
19,https://www.visitingangels.com/senior-homecare-red-bank-new-jersey-07701_223
20,https://www.visitingangels.com/senior-homecare-scotch-plains-new-jersey-07076_1225
21,https://www.visitingangels.com/senior-homecare-sparta-new-jersey-07871_690
22,https://www.visitingangels.com/senior-homecare-springfield-new-jersey-07081_389
23,https://www.visitingangels.com/senior-homecare-wall-new-jersey-07719_908
24,https://www.visitingangels.com/senior-homecare-wayne-new-jersey-07470_782
25,https://www.visitingangels.com/senior-homecare-willingboro-new-jersey-08046_532
26,https://www.visitingangels.com/senior-homecare-albuquerque-new-mexico-87110_881
27,https://www.visitingangels.com/senior-homecare-farmington-new-mexico-87401_1059
28,https://www.visitingangels.com/senior-homecare-las-cruces-new-mexico-88001_1263
29,https://www.visitingangels.com/senior-homecare-roswell-new-mexico-88203_928
30,https://www.visitingangels.com/senior-homecare-santa-fe-new-mexico-87505_944
31,https://www.visitingangels.com/senior-homecare-amarillo-texas-79106_923
32,https://www.visitingangels.com/senior-homecare-horseheads-new-york-14845_1020
33,https://www.visitingangels.com/senior-homecare-albany-new-york-12205_714
34,https://www.visitingangels.com/senior-homecare-white-plains-new-york-10604_867
35,https://www.visitingangels.com/senior-homecare-asheville-north-carolina-28806_1104
36,https://www.visitingangels.com/senior-homecare-burlington-north-carolina-27215_1212
37,https://www.visitingangels.com/senior-homecare-carrboro-north-carolina-27510_1172
38,https://www.visitingangels.com/senior-homecare-charlotte-north-carolina-28262_69
39,https://www.visitingangels.com/senior-homecare-southern-charlotte-north-carolina-28270_719
40,https://www.visitingangels.com/senior-homecare-cornelius-north-carolina-28031_705
41,https://www.visitingangels.com/senior-homecare-durham-north-carolina-27713_1287
42,https://www.visitingangels.com/senior-homecare-elizabeth-city-north-carolina-27909_1327
43,https://www.visitingangels.com/senior-homecare-fayetteville-north-carolina-28303_1099
44,https://www.visitingangels.com/senior-homecare-gastonia-north-carolina-28054_1224
45,https://www.visitingangels.com/senior-homecare-greensboro-north-carolina-27409_615
46,https://www.visitingangels.com/senior-homecare-greenville-north-carolina-27858_603
47,https://www.visitingangels.com/senior-homecare-jacksonville-north-carolina-28540_1196
48,https://www.visitingangels.com/senior-homecare-lenoir-north-carolina-28645_1292
49,https://www.visitingangels.com/senior-homecare-raleigh-north-carolina-27609_68
50,https://www.visitingangels.com/senior-homecare-wilmington-north-carolina-28403_1034
51,https://www.visitingangels.com/senior-homecare-winston-salem-north-carolina-27103_848
52,https://www.visitingangels.com/senior-homecare-minot-north-dakota-58701_981
53,https://www.visitingangels.com/senior-homecare-east-providence-rhode-island-02914_605
54,https://www.visitingangels.com/senior-homecare-warwick-rhode-island-02886_1195
55,https://www.visitingangels.com/senior-homecare-aiken-south-carolina-29803_885
56,https://www.visitingangels.com/senior-homecare-anderson-south-carolina-29625_766
57,https://www.visitingangels.com/senior-homecare-bluffton-south-carolina-29910_784
58,https://www.visitingangels.com/senior-homecare-columbia-south-carolina-29223_1235
59,https://www.visitingangels.com/senior-homecare-duncan-south-carolina-29334_1035
60,https://www.visitingangels.com/senior-homecare-greenville-south-carolina-29607_213
61,https://www.visitingangels.com/senior-homecare-indian-land-south-carolina-29707_1233
62,https://www.visitingangels.com/senior-homecare-mt-pleasant-south-carolina-29464_1011
63,https://www.visitingangels.com/senior-homecare-myrtle-beach-south-carolina-29577_967
64,https://www.visitingangels.com/senior-homecare-rock-hill-south-carolina-29732_750
65,https://www.visitingangels.com/senior-homecare-summerville-south-carolina-29485_970
66,https://www.visitingangels.com/senior-homecare-sumter-south-carolina-29150_1234
67,https://www.visitingangels.com/senior-homecare-sioux-falls-south-dakota-57110_989
68,https://www.visitingangels.com/senior-homecare-sioux-city-iowa-51108_945
69,https://www.visitingangels.com/senior-homecare-barboursville-west-virginia-25504_1147
70,https://www.visitingangels.com/senior-homecare-bridgeport-west-virginia-26330_128
71,https://www.visitingangels.com/senior-homecare-morgantown-west-virginia-26508_723
72,https://www.visitingangels.com/senior-homecare-s-charleston-west-virginia-25303_779
73,https://www.visitingangels.com/senior-homecare-weirton-west-virginia-26062_1215
74,https://www.visitingangels.com/senior-homecare-wheeling-west-virginia-26003_601
75,https://www.visitingangels.com/senior-homecare-washington-district-of-columbia-20012_1173
76,https://www.visitingangels.com/senior-homecare-bethesda-maryland-20814_999
77,https://www.visitingangels.com/senior-homecare-bradenton-florida-34207_839
78,https://www.visitingangels.com/senior-homecare-cape-coral-florida-33904_1329
79,https://www.visitingangels.com/senior-homecare-clermont-florida-34711_882
80,https://www.visitingangels.com/senior-homecare-coral-springs-florida-33071_1097
81,https://www.visitingangels.com/senior-homecare-daytona-beach-florida-32119_441
82,https://www.visitingangels.com/senior-homecare-deerfield-beach-florida-33442_562
83,https://www.visitingangels.com/senior-homecare-delray-beach-florida-33484_40
84,https://www.visitingangels.com/senior-homecare-destin-florida-32541_807
85,https://www.visitingangels.com/senior-homecare-ft-myers-florida-33916_1179
86,https://www.visitingangels.com/senior-homecare-gainesville-florida-32606_687
87,https://www.visitingangels.com/senior-homecare-south-jacksonville-florida-32217_871
88,https://www.visitingangels.com/senior-homecare-north-jacksonville-florida-32210_577
89,https://www.visitingangels.com/senior-homecare-kissimmee-florida-34741_530
90,https://www.visitingangels.com/senior-homecare-lady-lake-florida-32159_888
91,https://www.visitingangels.com/senior-homecare-lutz-florida-33559_1200
92,https://www.visitingangels.com/senior-homecare-melbourne-florida-32935_627
93,https://www.visitingangels.com/senior-homecare-miami-florida-33183_338
94,https://www.visitingangels.com/senior-homecare-naples-florida-34108_1180
95,https://www.visitingangels.com/senior-homecare-new-port-richey-florida-34652_1201
96,https://www.visitingangels.com/senior-homecare-north-fort-myers-florida-33903_1229
97,https://www.visitingangels.com/senior-homecare-north-miami-florida-33181_666
98,https://www.visitingangels.com/senior-homecare-ocala-florida-34481_367
99,https://www.visitingangels.com/senior-homecare-orlando-florida-32809_397
100,https://www.visitingangels.com/senior-homecare-pace-florida-32571_1015
101,https://www.visitingangels.com/senior-homecare-palm-beach-gardens-florida-33410_692
102,https://www.visitingangels.com/senior-homecare-palm-coast-florida-32164_37
103,https://www.visitingangels.com/senior-homecare-palm-harbor-florida-34683_33
104,https://www.visitingangels.com/senior-homecare-panama-city-florida-32405_860
105,https://www.visitingangels.com/senior-homecare-port-st-lucie-florida-34952_1242
106,https://www.visitingangels.com/senior-homecare-punta-gorda-florida-33950_1226
107,https://www.visitingangels.com/senior-homecare-sanford-florida-32771_298
108,https://www.visitingangels.com/senior-homecare-sarasota-florida-34232_816
109,https://www.visitingangels.com/senior-homecare-spring-hill-florida-34606_1176
110,https://www.visitingangels.com/senior-homecare-st-petersburg-florida-33716_371
111,https://www.visitingangels.com/senior-homecare-sun-city-center-florida-33573_211
112,https://www.visitingangels.com/senior-homecare-tallahassee-florida-32309_1296
113,https://www.visitingangels.com/senior-homecare-tampa-florida-33617_287
114,https://www.visitingangels.com/senior-homecare-northwest-hillsborough-county-florida-33624_650
115,https://www.visitingangels.com/senior-homecare-tarpon-springs-florida-34689_724
116,https://www.visitingangels.com/senior-homecare-venice-florida-34285_1259
117,https://www.visitingangels.com/senior-homecare-winter-park-florida-32789_376
118,https://www.visitingangels.com/senior-homecare-bellingham-washington-98226_122
119,https://www.visitingangels.com/senior-homecare-everett-washington-98201_295
120,https://www.visitingangels.com/senior-homecare-fall-city-washington-98024_984
121,https://www.visitingangels.com/senior-homecare-issaquah-washington-98027_1284
122,https://www.visitingangels.com/senior-homecare-kennewick-washington-99336_947
123,https://www.visitingangels.com/senior-homecare-kirkland-washington-98034_1148
124,https://www.visitingangels.com/senior-homecare-lacey-washington-98503_1305
125,https://www.visitingangels.com/senior-homecare-longview-washington-98632_852
126,https://www.visitingangels.com/senior-homecare-maple-valley-washington-98038_1271
127,https://www.visitingangels.com/senior-homecare-mount-vernon-washington-98273_788
128,https://www.visitingangels.com/senior-homecare-port-orchard-washington-98366_648
129,https://www.visitingangels.com/senior-homecare-puyallup-washington-98373_618
130,https://www.visitingangels.com/senior-homecare-renton-washington-98057_1285
131,https://www.visitingangels.com/senior-homecare-seattle-washington-98107_834
132,https://www.visitingangels.com/senior-homecare-west-seattle-washington-98101_1149
133,https://www.visitingangels.com/senior-homecare-spokane-valley-washington-99212_1289
134,https://www.visitingangels.com/senior-homecare-tacoma-washington-98405_121
135,https://www.visitingangels.com/senior-homecare-tukwila-washington-98188_411
136,https://www.visitingangels.com/senior-homecare-vancouver-washington-98661_364
137,https://www.visitingangels.com/senior-homecare-yakima-washington-98902_1219
138,https://www.visitingangels.com/senior-homecare-anderson-indiana-46012_665
139,https://www.visitingangels.com/senior-homecare-bloomington-indiana-47404_737
140,https://www.visitingangels.com/senior-homecare-carmel-indiana-46032_1117
141,https://www.visitingangels.com/senior-homecare-columbus-indiana-47201_1254
142,https://www.visitingangels.com/senior-homecare-evansville-indiana-47708_1049
143,https://www.visitingangels.com/senior-homecare-frankfort-indiana-46041_814
144,https://www.visitingangels.com/senior-homecare-ft-wayne-indiana-46804_509
145,https://www.visitingangels.com/senior-homecare-greencastle-indiana-46135_636
146,https://www.visitingangels.com/senior-homecare-greenfield-indiana-46140_1269
147,https://www.visitingangels.com/senior-homecare-greenwood-indiana-46143_629
148,https://www.visitingangels.com/senior-homecare-indianapolis-indiana-46240_1012
149,https://www.visitingangels.com/senior-homecare-mishawaka-indiana-46545_696
150,https://www.visitingangels.com/senior-homecare-nappanee-indiana-46550_838
151,https://www.visitingangels.com/senior-homecare-new-albany-indiana-47150_1106
152,https://www.visitingangels.com/senior-homecare-schererville-indiana-46375_660
153,https://www.visitingangels.com/senior-homecare-scottsburg-indiana-47170_1236
154,https://www.visitingangels.com/senior-homecare-seymour-indiana-47274_1193
155,https://www.visitingangels.com/senior-homecare-terre-haute-indiana-47803_902
156,https://www.visitingangels.com/senior-homecare-bellevue-nebraska-68005_1063
157,https://www.visitingangels.com/senior-homecare-lincoln-nebraska-68510_1076
158,https://www.visitingangels.com/senior-homecare-norfolk-nebraska-68701_1251
159,https://www.visitingangels.com/senior-homecare-sioux-city-iowa-51108_945
160,https://www.visitingangels.com/senior-homecare-acton-massachusetts-01720_440
161,https://www.visitingangels.com/senior-homecare-boston-massachusetts-02108_1213
162,https://www.visitingangels.com/senior-homecare-chelmsford-massachusetts-01824_1144
163,https://www.visitingangels.com/senior-homecare-chelsea-massachusetts-02150_1064
164,https://www.visitingangels.com/senior-homecare-danvers-massachusetts-01915_1170
165,https://www.visitingangels.com/senior-homecare-harwich-massachusetts-02645_545
166,https://www.visitingangels.com/senior-homecare-leominster-massachusetts-01453_1167
167,https://www.visitingangels.com/senior-homecare-marshfield-massachusetts-02050_1265
168,https://www.visitingangels.com/senior-homecare-medford-massachusetts-02155_595
169,https://www.visitingangels.com/senior-homecare-milford-massachusetts-01757_916
170,https://www.visitingangels.com/senior-homecare-n-attleboro-massachusetts-02760_53
171,https://www.visitingangels.com/senior-homecare-new-bedford-massachusetts-02740_823
172,https://www.visitingangels.com/senior-homecare-newburyport-massachusetts-01950_1274
173,https://www.visitingangels.com/senior-homecare-newton-massachusetts-02458_1188
174,https://www.visitingangels.com/senior-homecare-palmer-massachusetts-01069_1302
175,https://www.visitingangels.com/senior-homecare-pittsfield-massachusetts-01201_986
176,https://www.visitingangels.com/senior-homecare-raynham-massachusetts-02767_1039
177,https://www.visitingangels.com/senior-homecare-shelburne-falls-massachusetts-01370_1184
178,https://www.visitingangels.com/senior-homecare-southbridge-massachusetts-01550_672
179,https://www.visitingangels.com/senior-homecare-sudbury-massachusetts-01776_373
180,https://www.visitingangels.com/senior-homecare-west-springfield-massachusetts-01089_51
181,https://www.visitingangels.com/senior-homecare-worcester-massachusetts-01609_321
182,https://www.visitingangels.com/senior-homecare-columbia-missouri-65203_1197
183,https://www.visitingangels.com/senior-homecare-creve-coeur-missouri-63141_1231
184,https://www.visitingangels.com/senior-homecare-farmington-missouri-63640_1121
185,https://www.visitingangels.com/senior-homecare-north-kansas-city-missouri-64119_1228
186,https://www.visitingangels.com/senior-homecare-joplin-missouri-64804_564
187,https://www.visitingangels.com/senior-homecare-kansas-city-missouri-64114_1282
188,https://www.visitingangels.com/senior-homecare-o39fallon-missouri-63366_815
189,https://www.visitingangels.com/senior-homecare-springfield-missouri-65804_789
190,https://www.visitingangels.com/senior-homecare-st-louis-missouri-63123_949
191,https://www.visitingangels.com/senior-homecare-st-charles-missouri-63303_450
192,https://www.visitingangels.com/senior-homecare-webster-groves-missouri-63119_948
193,https://www.visitingangels.com/senior-homecare-overland-park-kansas-66212_743
194,https://www.visitingangels.com/senior-homecare-albany-oregon-97321_200
195,https://www.visitingangels.com/senior-homecare-bend-oregon-97702_436
196,https://www.visitingangels.com/senior-homecare-eugene-oregon-97401_594
197,https://www.visitingangels.com/senior-homecare-gresham-oregon-97030_437
198,https://www.visitingangels.com/senior-homecare-medford-oregon-97504_813
199,https://www.visitingangels.com/senior-homecare-newberg-oregon-97132_286
200,https://www.visitingangels.com/senior-homecare-west-and-southeast-portland-oregon-97225_1023
201,https://www.visitingangels.com/senior-homecare-northern-and-upper-south-east-portland-oregon-97211_1005
202,https://www.visitingangels.com/senior-homecare-west-linn-oregon-97068_1160
203,https://www.visitingangels.com/senior-homecare-bellevue-nebraska-68005_1063
204,https://www.visitingangels.com/senior-homecare-lincoln-nebraska-68510_1076
205,https://www.visitingangels.com/senior-homecare-norfolk-nebraska-68701_1251
206,https://www.visitingangels.com/senior-homecare-sioux-city-iowa-51108_945
207,https://www.visitingangels.com/senior-homecare-benton-arkansas-72019_1262
208,https://www.visitingangels.com/senior-homecare-conway-arkansas-72032_1109
209,https://www.visitingangels.com/senior-homecare-fort-smith-arkansas-72901_1322
210,https://www.visitingangels.com/senior-homecare-hot-springs-arkansas-71901_1116
211,https://www.visitingangels.com/senior-homecare-jonesboro-arkansas-72401_619
212,https://www.visitingangels.com/senior-homecare-little-rock-arkansas-72211_591
213,https://www.visitingangels.com/senior-homecare-lowell-arkansas-72745_1321
214,https://www.visitingangels.com/senior-homecare-adrian-michigan-49221_1060
215,https://www.visitingangels.com/senior-homecare-ann-arbor-michigan-48108_749
216,https://www.visitingangels.com/senior-homecare-brighton-michigan-48116_63
217,https://www.visitingangels.com/senior-homecare-charlotte-michigan-48813_1131
218,https://www.visitingangels.com/senior-homecare-chelsea-michigan-48118_1202
219,https://www.visitingangels.com/senior-homecare-clarkston-michigan-48346_717
220,https://www.visitingangels.com/senior-homecare-dearborn-michigan-48120_1105
221,https://www.visitingangels.com/senior-homecare-east-lansing-michigan-48823_1252
222,https://www.visitingangels.com/senior-homecare-farmington-hills-michigan-48335_935
223,https://www.visitingangels.com/senior-homecare-ferndale-michigan-48820_1306
224,https://www.visitingangels.com/senior-homecare-frankenmuth-michigan-48734_61
225,https://www.visitingangels.com/senior-homecare-grand-rapids-michigan-49506_60
226,https://www.visitingangels.com/senior-homecare-grosse-pointe-woods-michigan-48236_1232
227,https://www.visitingangels.com/senior-homecare-livonia-michigan-48150_552
228,https://www.visitingangels.com/senior-homecare-monroe-michigan-48161_837
229,https://www.visitingangels.com/senior-homecare-novi-michigan-48377_1207
230,https://www.visitingangels.com/senior-homecare-okemos-michigan-48864_730
231,https://www.visitingangels.com/senior-homecare-owosso-michigan-48867_1250
232,https://www.visitingangels.com/senior-homecare-plainwell-michigan-49080_1137
233,https://www.visitingangels.com/senior-homecare-port-huron-michigan-48060_541
234,https://www.visitingangels.com/senior-homecare-portage-michigan-49002_1061
235,https://www.visitingangels.com/senior-homecare-rochester-hills-michigan-48309_832
236,https://www.visitingangels.com/senior-homecare-sterling-heights-michigan-48314_252
237,https://www.visitingangels.com/senior-homecare-mishawaka-indiana-46545_696
238,https://www.visitingangels.com/senior-homecare-bountiful-utah-84010_1268
239,https://www.visitingangels.com/senior-homecare-layton-utah-84041_1267
240,https://www.visitingangels.com/senior-homecare-provo-utah-84604_1243
241,https://www.visitingangels.com/senior-homecare-salt-lake-city-utah-84124_991
242,https://www.visitingangels.com/senior-homecare-west-salt-lake-utah-84119_1102
243,https://www.visitingangels.com/senior-homecare-south-jordan-utah-84095_1161
244,https://www.visitingangels.com/senior-homecare-st-george-utah-84790_798
245,https://www.visitingangels.com/senior-homecare-bartlesville-oklahoma-74006_676
246,https://www.visitingangels.com/senior-homecare-edmond-oklahoma-73003_1075
247,https://www.visitingangels.com/senior-homecare-lawton-oklahoma-73505_987
248,https://www.visitingangels.com/senior-homecare-midwest-city-oklahoma-73130_720
249,https://www.visitingangels.com/senior-homecare-southwest-oklahoma-city-oklahoma-73170_1164
250,https://www.visitingangels.com/senior-homecare-tulsa-oklahoma-74120_416
251,https://www.visitingangels.com/senior-homecare-yukon-oklahoma-73099_87
252,https://www.visitingangels.com/senior-homecare-arlington-heights-illinois-60005_363
253,https://www.visitingangels.com/senior-homecare-barrington-illinois-60010_971
254,https://www.visitingangels.com/senior-homecare-crystal-lake-illinois-60014_664
255,https://www.visitingangels.com/senior-homecare-dekalb-illinois-60115_589
256,https://www.visitingangels.com/senior-homecare-effingham-illinois-62401_1085
257,https://www.visitingangels.com/senior-homecare-elmwood-park-illinois-60707_383
258,https://www.visitingangels.com/senior-homecare-glen-carbon-illinois-62034_872
259,https://www.visitingangels.com/senior-homecare-libertyville-illinois-60048_1205
260,https://www.visitingangels.com/senior-homecare-naperville-illinois-60563_1237
261,https://www.visitingangels.com/senior-homecare-niles-illinois-60714_673
262,https://www.visitingangels.com/senior-homecare-northbrook-illinois-60062_1313
263,https://www.visitingangels.com/senior-homecare-okawville-illinois-62271_1177
264,https://www.visitingangels.com/senior-homecare-orland-park-illinois-60467_1073
265,https://www.visitingangels.com/senior-homecare-la-grange-illinois-60487_1175
266,https://www.visitingangels.com/senior-homecare-peoria-illinois-61615_1048
267,https://www.visitingangels.com/senior-homecare-plainfield-illinois-60544_688
268,https://www.visitingangels.com/senior-homecare-rockford-illinois-61108_1288
269,https://www.visitingangels.com/senior-homecare-savoy-illinois-61874_1310
270,https://www.visitingangels.com/senior-homecare-south-elgin-illinois-60177_1311
271,https://www.visitingangels.com/senior-homecare-springfield-illinois-62704_1098
272,https://www.visitingangels.com/senior-homecare-waterloo-illinois-62298_388
273,https://www.visitingangels.com/senior-homecare-adrian-michigan-49221_1060
274,https://www.visitingangels.com/senior-homecare-ann-arbor-michigan-48108_749
275,https://www.visitingangels.com/senior-homecare-brighton-michigan-48116_63
276,https://www.visitingangels.com/senior-homecare-charlotte-michigan-48813_1131
277,https://www.visitingangels.com/senior-homecare-chelsea-michigan-48118_1202
278,https://www.visitingangels.com/senior-homecare-clarkston-michigan-48346_717
279,https://www.visitingangels.com/senior-homecare-dearborn-michigan-48120_1105
280,https://www.visitingangels.com/senior-homecare-east-lansing-michigan-48823_1252
281,https://www.visitingangels.com/senior-homecare-farmington-hills-michigan-48335_935
282,https://www.visitingangels.com/senior-homecare-ferndale-michigan-48820_1306
283,https://www.visitingangels.com/senior-homecare-frankenmuth-michigan-48734_61
284,https://www.visitingangels.com/senior-homecare-grand-rapids-michigan-49506_60
285,https://www.visitingangels.com/senior-homecare-grosse-pointe-woods-michigan-48236_1232
286,https://www.visitingangels.com/senior-homecare-livonia-michigan-48150_552
287,https://www.visitingangels.com/senior-homecare-monroe-michigan-48161_837
288,https://www.visitingangels.com/senior-homecare-novi-michigan-48377_1207
289,https://www.visitingangels.com/senior-homecare-okemos-michigan-48864_730
290,https://www.visitingangels.com/senior-homecare-owosso-michigan-48867_1250
291,https://www.visitingangels.com/senior-homecare-plainwell-michigan-49080_1137
292,https://www.visitingangels.com/senior-homecare-port-huron-michigan-48060_541
293,https://www.visitingangels.com/senior-homecare-portage-michigan-49002_1061
294,https://www.visitingangels.com/senior-homecare-rochester-hills-michigan-48309_832
295,https://www.visitingangels.com/senior-homecare-sterling-heights-michigan-48314_252
296,https://www.visitingangels.com/senior-homecare-mishawaka-indiana-46545_696
297,https://www.visitingangels.com/senior-homecare-alameda-california-94501_1089
298,https://www.visitingangels.com/senior-homecare-anaheim-california-92805_1042
299,https://www.visitingangels.com/senior-homecare-burlingame-california-94010_510
300,https://www.visitingangels.com/senior-homecare-camarillo-california-93010_734
301,https://www.visitingangels.com/senior-homecare-cameron-park-california-95682_572
302,https://www.visitingangels.com/senior-homecare-carpinteria-california-93013_780
303,https://www.visitingangels.com/senior-homecare-cerritos-california-90703_1040
304,https://www.visitingangels.com/senior-homecare-chino-california-91710_662
305,https://www.visitingangels.com/senior-homecare-chula-vista-california-91911_1004
306,https://www.visitingangels.com/senior-homecare-el-cajon-california-92020_1006
307,https://www.visitingangels.com/senior-homecare-eureka-california-95501_386
308,https://www.visitingangels.com/senior-homecare-fremont-california-94538_1125
309,https://www.visitingangels.com/senior-homecare-fresno-california-93711_977
310,https://www.visitingangels.com/senior-homecare-garden-grove-california-92841_1276
311,https://www.visitingangels.com/senior-homecare-gilroy-california-95020_356
312,https://www.visitingangels.com/senior-homecare-glendale-california-91205_886
313,https://www.visitingangels.com/senior-homecare-glendora-california-91741_1157
314,https://www.visitingangels.com/senior-homecare-huntington-beach-california-92648_1126
315,https://www.visitingangels.com/senior-homecare-la-jolla-california-92037_1277
316,https://www.visitingangels.com/senior-homecare-la-mesa-california-91942_1038
317,https://www.visitingangels.com/senior-homecare-lake-forest-california-92630_1168
318,https://www.visitingangels.com/senior-homecare-lindsay-california-93247_1270
319,https://www.visitingangels.com/senior-homecare-livermore-california-94551_1278
320,https://www.visitingangels.com/senior-homecare-long-beach-california-90814_210
321,https://www.visitingangels.com/senior-homecare-beverly-hills-california-90035_1264
322,https://www.visitingangels.com/senior-homecare-los-angeles-california-90045_415
323,https://www.visitingangels.com/senior-homecare-murrieta-california-92562_191
324,https://www.visitingangels.com/senior-homecare-newport-beach-california-92663_1046
325,https://www.visitingangels.com/senior-homecare-orange-california-92867_1293
326,https://www.visitingangels.com/senior-homecare-pasadena-california-91105_887
327,https://www.visitingangels.com/senior-homecare-pinole-california-94564_917
328,https://www.visitingangels.com/senior-homecare-redding-california-96002_492
329,https://www.visitingangels.com/senior-homecare-redlands-california-92374_452
330,https://www.visitingangels.com/senior-homecare-san-jose-and-redwood-city-california-94063_290
331,https://www.visitingangels.com/senior-homecare-reseda-california-91335_973
332,https://www.visitingangels.com/senior-homecare-riverside-california-92509_209
333,https://www.visitingangels.com/senior-homecare-rocklin-california-95677_1192
334,https://www.visitingangels.com/senior-homecare-rolling-hills-estates-california-90274_1323
335,https://www.visitingangels.com/senior-homecare-midtown-sacramento-california-95818_932
336,https://www.visitingangels.com/senior-homecare-sacramento-california-95821_15
337,https://www.visitingangels.com/senior-homecare-san-diego-california-92108_1088
338,https://www.visitingangels.com/senior-homecare-poway-california-92131_1281
339,https://www.visitingangels.com/senior-homecare-redwood-city-california-95129_9
340,https://www.visitingangels.com/senior-homecare-san-jose-california-95125_1093
341,https://www.visitingangels.com/senior-homecare-san-luis-obispo-california-93401_571
342,https://www.visitingangels.com/senior-homecare-san-marcos-california-92069_1025
343,https://www.visitingangels.com/senior-homecare-san-pedro-california-90731_1152
344,https://www.visitingangels.com/senior-homecare-santa-monica-california-90401_990
345,https://www.visitingangels.com/senior-homecare-scotts-valley-california-95066_264
346,https://www.visitingangels.com/senior-homecare-simi-valley-california-93065_1091
347,https://www.visitingangels.com/senior-homecare-sunnyvale-california-94087_158
348,https://www.visitingangels.com/senior-homecare-toluca-lake-california-91602_448
349,https://www.visitingangels.com/senior-homecare-torrance-california-90503_626
350,https://www.visitingangels.com/senior-homecare-tustin-california-92780_1301
351,https://www.visitingangels.com/senior-homecare-upland-california-91786_1107
352,https://www.visitingangels.com/senior-homecare-valencia-california-91355_322
353,https://www.visitingangels.com/senior-homecare-victorville-california-92392_1326
354,https://www.visitingangels.com/senior-homecare-whittier-california-90603_1291
355,https://www.visitingangels.com/senior-homecare-woodland-hills-california-91364_756
356,https://www.visitingangels.com/senior-homecare-anniston-alabama-36207_1138
357,https://www.visitingangels.com/senior-homecare-birmingham-alabama-35235_911
358,https://www.visitingangels.com/senior-homecare-south-birmingham-alabama-35216_1257
359,https://www.visitingangels.com/senior-homecare-cullman-alabama-35055_744
360,https://www.visitingangels.com/senior-homecare-daphne-alabama-36526_1008
361,https://www.visitingangels.com/senior-homecare-florence-alabama-35630_1155
362,https://www.visitingangels.com/senior-homecare-foley-alabama-36535_1191
363,https://www.visitingangels.com/senior-homecare-gadsden-alabama-35901_1067
364,https://www.visitingangels.com/senior-homecare-huntsville-alabama-35805_1036
365,https://www.visitingangels.com/senior-homecare-jasper-alabama-35501_1209
366,https://www.visitingangels.com/senior-homecare-mobile-alabama-36608_1082
367,https://www.visitingangels.com/senior-homecare-montgomery-alabama-36106_919
368,https://www.visitingangels.com/senior-homecare-northport-alabama-35473_748
369,https://www.visitingangels.com/senior-homecare-columbus-georgia-31901_1071
370,https://www.visitingangels.com/senior-homecare-middletown-delaware-19709_1211
371,https://www.visitingangels.com/senior-homecare-milton-delaware-19968_1186
372,https://www.visitingangels.com/senior-homecare-wilmington-delaware-19803_768
373,https://www.visitingangels.com/senior-homecare-acton-massachusetts-01720_440
374,https://www.visitingangels.com/senior-homecare-boston-massachusetts-02108_1213
375,https://www.visitingangels.com/senior-homecare-chelmsford-massachusetts-01824_1144
376,https://www.visitingangels.com/senior-homecare-chelsea-massachusetts-02150_1064
377,https://www.visitingangels.com/senior-homecare-danvers-massachusetts-01915_1170
378,https://www.visitingangels.com/senior-homecare-harwich-massachusetts-02645_545
379,https://www.visitingangels.com/senior-homecare-leominster-massachusetts-01453_1167
380,https://www.visitingangels.com/senior-homecare-marshfield-massachusetts-02050_1265
381,https://www.visitingangels.com/senior-homecare-medford-massachusetts-02155_595
382,https://www.visitingangels.com/senior-homecare-milford-massachusetts-01757_916
383,https://www.visitingangels.com/senior-homecare-n-attleboro-massachusetts-02760_53
384,https://www.visitingangels.com/senior-homecare-new-bedford-massachusetts-02740_823
385,https://www.visitingangels.com/senior-homecare-newburyport-massachusetts-01950_1274
386,https://www.visitingangels.com/senior-homecare-newton-massachusetts-02458_1188
387,https://www.visitingangels.com/senior-homecare-palmer-massachusetts-01069_1302
388,https://www.visitingangels.com/senior-homecare-pittsfield-massachusetts-01201_986
389,https://www.visitingangels.com/senior-homecare-raynham-massachusetts-02767_1039
390,https://www.visitingangels.com/senior-homecare-shelburne-falls-massachusetts-01370_1184
391,https://www.visitingangels.com/senior-homecare-southbridge-massachusetts-01550_672
392,https://www.visitingangels.com/senior-homecare-sudbury-massachusetts-01776_373
393,https://www.visitingangels.com/senior-homecare-west-springfield-massachusetts-01089_51
394,https://www.visitingangels.com/senior-homecare-worcester-massachusetts-01609_321
395,https://www.visitingangels.com/senior-homecare-acton-massachusetts-01720_440
396,https://www.visitingangels.com/senior-homecare-boston-massachusetts-02108_1213
397,https://www.visitingangels.com/senior-homecare-chelmsford-massachusetts-01824_1144
398,https://www.visitingangels.com/senior-homecare-chelsea-massachusetts-02150_1064
399,https://www.visitingangels.com/senior-homecare-danvers-massachusetts-01915_1170
400,https://www.visitingangels.com/senior-homecare-harwich-massachusetts-02645_545
401,https://www.visitingangels.com/senior-homecare-leominster-massachusetts-01453_1167
402,https://www.visitingangels.com/senior-homecare-marshfield-massachusetts-02050_1265
403,https://www.visitingangels.com/senior-homecare-medford-massachusetts-02155_595
404,https://www.visitingangels.com/senior-homecare-milford-massachusetts-01757_916
405,https://www.visitingangels.com/senior-homecare-n-attleboro-massachusetts-02760_53
406,https://www.visitingangels.com/senior-homecare-new-bedford-massachusetts-02740_823
407,https://www.visitingangels.com/senior-homecare-newburyport-massachusetts-01950_1274
408,https://www.visitingangels.com/senior-homecare-newton-massachusetts-02458_1188
409,https://www.visitingangels.com/senior-homecare-palmer-massachusetts-01069_1302
410,https://www.visitingangels.com/senior-homecare-pittsfield-massachusetts-01201_986
411,https://www.visitingangels.com/senior-homecare-raynham-massachusetts-02767_1039
412,https://www.visitingangels.com/senior-homecare-shelburne-falls-massachusetts-01370_1184
413,https://www.visitingangels.com/senior-homecare-southbridge-massachusetts-01550_672
414,https://www.visitingangels.com/senior-homecare-sudbury-massachusetts-01776_373
415,https://www.visitingangels.com/senior-homecare-west-springfield-massachusetts-01089_51
416,https://www.visitingangels.com/senior-homecare-worcester-massachusetts-01609_321
417,https://www.visitingangels.com/senior-homecare-anniston-alabama-36207_1138
418,https://www.visitingangels.com/senior-homecare-birmingham-alabama-35235_911
419,https://www.visitingangels.com/senior-homecare-south-birmingham-alabama-35216_1257
420,https://www.visitingangels.com/senior-homecare-cullman-alabama-35055_744
421,https://www.visitingangels.com/senior-homecare-daphne-alabama-36526_1008
422,https://www.visitingangels.com/senior-homecare-florence-alabama-35630_1155
423,https://www.visitingangels.com/senior-homecare-foley-alabama-36535_1191
424,https://www.visitingangels.com/senior-homecare-gadsden-alabama-35901_1067
425,https://www.visitingangels.com/senior-homecare-huntsville-alabama-35805_1036
426,https://www.visitingangels.com/senior-homecare-jasper-alabama-35501_1209
427,https://www.visitingangels.com/senior-homecare-mobile-alabama-36608_1082
428,https://www.visitingangels.com/senior-homecare-montgomery-alabama-36106_919
429,https://www.visitingangels.com/senior-homecare-northport-alabama-35473_748
430,https://www.visitingangels.com/senior-homecare-columbus-georgia-31901_1071
431,https://www.visitingangels.com/senior-homecare-aurora-colorado-80011_1086
432,https://www.visitingangels.com/senior-homecare-brighton-colorado-80601_1090
433,https://www.visitingangels.com/senior-homecare-broomfield-colorado-80021_1246
434,https://www.visitingangels.com/senior-homecare-colorado-springs-colorado-80907_711
435,https://www.visitingangels.com/senior-homecare-eagle-colorado-81631_778
436,https://www.visitingangels.com/senior-homecare-grand-junction-colorado-81501_1255
437,https://www.visitingangels.com/senior-homecare-littleton-colorado-80120_1239
438,https://www.visitingangels.com/senior-homecare-longmont-colorado-80501_1245
439,https://www.visitingangels.com/senior-homecare-loveland-colorado-80538_1272
440,https://www.visitingangels.com/senior-homecare-pagosa-springs-colorado-81147_658
441,https://www.visitingangels.com/senior-homecare-pueblo-colorado-81003_1041
442,https://www.visitingangels.com/senior-homecare-wheat-ridge-colorado-80033_1244
443,https://www.visitingangels.com/senior-homecare-coeur-d39alene-idaho-83814_1266
444,https://www.visitingangels.com/senior-homecare-idaho-falls-idaho-83404_904
445,https://www.visitingangels.com/senior-homecare-meridian-idaho-83642_1056
446,https://www.visitingangels.com/senior-homecare-pocatello-idaho-83201_1022
447,https://www.visitingangels.com/senior-homecare-huber-heights-ohio-45424_895
448,https://www.visitingangels.com/senior-homecare-berea-ohio-44017_716
449,https://www.visitingangels.com/senior-homecare-bowling-green-ohio-43402_1146
450,https://www.visitingangels.com/senior-homecare-cambridge-ohio-43725_1331
451,https://www.visitingangels.com/senior-homecare-canton-ohio-44708_311
452,https://www.visitingangels.com/senior-homecare-centerville-ohio-45459_1214
453,https://www.visitingangels.com/senior-homecare-eastern-cincinnati-ohio-45255_576
454,https://www.visitingangels.com/senior-homecare-west-side-cincinnati-ohio-45251_303
455,https://www.visitingangels.com/senior-homecare-cleveland-ohio-44120_81
456,https://www.visitingangels.com/senior-homecare-columbus-ohio-43220_1279
457,https://www.visitingangels.com/senior-homecare-edgerton-ohio-43517_1238
458,https://www.visitingangels.com/senior-homecare-elyria-ohio-44035_1256
459,https://www.visitingangels.com/senior-homecare-medina-ohio-44256_407
460,https://www.visitingangels.com/senior-homecare-mentor-ohio-44060_84
461,https://www.visitingangels.com/senior-homecare-portsmouth-ohio-45662_1303
462,https://www.visitingangels.com/senior-homecare-ravenna-ohio-44266_1230
463,https://www.visitingangels.com/senior-homecare-rocky-river-ohio-44116_86
464,https://www.visitingangels.com/senior-homecare-salem-ohio-44460_166
465,https://www.visitingangels.com/senior-homecare-tallmadge-ohio-44278_83
466,https://www.visitingangels.com/senior-homecare-toledo-ohio-43617_1145
467,https://www.visitingangels.com/senior-homecare-west-chester-ohio-45069_385
468,https://www.visitingangels.com/senior-homecare-westerville-ohio-43081_1299
469,https://www.visitingangels.com/senior-homecare-wilmington-ohio-45177_1066
470,https://www.visitingangels.com/senior-homecare-florence-kentucky-41042_50
471,https://www.visitingangels.com/senior-homecare-wheeling-west-virginia-26003_601
472,https://www.visitingangels.com/senior-homecare-adrian-michigan-49221_1060
473,https://www.visitingangels.com/senior-homecare-ann-arbor-michigan-48108_749
474,https://www.visitingangels.com/senior-homecare-brighton-michigan-48116_63
475,https://www.visitingangels.com/senior-homecare-charlotte-michigan-48813_1131
476,https://www.visitingangels.com/senior-homecare-chelsea-michigan-48118_1202
477,https://www.visitingangels.com/senior-homecare-clarkston-michigan-48346_717
478,https://www.visitingangels.com/senior-homecare-dearborn-michigan-48120_1105
479,https://www.visitingangels.com/senior-homecare-east-lansing-michigan-48823_1252
480,https://www.visitingangels.com/senior-homecare-farmington-hills-michigan-48335_935
481,https://www.visitingangels.com/senior-homecare-ferndale-michigan-48820_1306
482,https://www.visitingangels.com/senior-homecare-frankenmuth-michigan-48734_61
483,https://www.visitingangels.com/senior-homecare-grand-rapids-michigan-49506_60
484,https://www.visitingangels.com/senior-homecare-grosse-pointe-woods-michigan-48236_1232
485,https://www.visitingangels.com/senior-homecare-livonia-michigan-48150_552
486,https://www.visitingangels.com/senior-homecare-monroe-michigan-48161_837
487,https://www.visitingangels.com/senior-homecare-novi-michigan-48377_1207
488,https://www.visitingangels.com/senior-homecare-okemos-michigan-48864_730
489,https://www.visitingangels.com/senior-homecare-owosso-michigan-48867_1250
490,https://www.visitingangels.com/senior-homecare-plainwell-michigan-49080_1137
491,https://www.visitingangels.com/senior-homecare-port-huron-michigan-48060_541
492,https://www.visitingangels.com/senior-homecare-portage-michigan-49002_1061
493,https://www.visitingangels.com/senior-homecare-rochester-hills-michigan-48309_832
494,https://www.visitingangels.com/senior-homecare-sterling-heights-michigan-48314_252
495,https://www.visitingangels.com/senior-homecare-mishawaka-indiana-46545_696
496,https://www.visitingangels.com/senior-homecare-adrian-michigan-49221_1060
497,https://www.visitingangels.com/senior-homecare-ann-arbor-michigan-48108_749
498,https://www.visitingangels.com/senior-homecare-brighton-michigan-48116_63
499,https://www.visitingangels.com/senior-homecare-charlotte-michigan-48813_1131
500,https://www.visitingangels.com/senior-homecare-chelsea-michigan-48118_1202
501,https://www.visitingangels.com/senior-homecare-clarkston-michigan-48346_717
502,https://www.visitingangels.com/senior-homecare-dearborn-michigan-48120_1105
503,https://www.visitingangels.com/senior-homecare-east-lansing-michigan-48823_1252
504,https://www.visitingangels.com/senior-homecare-farmington-hills-michigan-48335_935
505,https://www.visitingangels.com/senior-homecare-ferndale-michigan-48820_1306
506,https://www.visitingangels.com/senior-homecare-frankenmuth-michigan-48734_61
507,https://www.visitingangels.com/senior-homecare-grand-rapids-michigan-49506_60
508,https://www.visitingangels.com/senior-homecare-grosse-pointe-woods-michigan-48236_1232
509,https://www.visitingangels.com/senior-homecare-livonia-michigan-48150_552
510,https://www.visitingangels.com/senior-homecare-monroe-michigan-48161_837
511,https://www.visitingangels.com/senior-homecare-novi-michigan-48377_1207
512,https://www.visitingangels.com/senior-homecare-okemos-michigan-48864_730
513,https://www.visitingangels.com/senior-homecare-owosso-michigan-48867_1250
514,https://www.visitingangels.com/senior-homecare-plainwell-michigan-49080_1137
515,https://www.visitingangels.com/senior-homecare-port-huron-michigan-48060_541
516,https://www.visitingangels.com/senior-homecare-portage-michigan-49002_1061
517,https://www.visitingangels.com/senior-homecare-rochester-hills-michigan-48309_832
518,https://www.visitingangels.com/senior-homecare-sterling-heights-michigan-48314_252
519,https://www.visitingangels.com/senior-homecare-mishawaka-indiana-46545_696
520,https://www.visitingangels.com/senior-homecare-altoona-wisconsin-54720_791
521,https://www.visitingangels.com/senior-homecare-appleton-wisconsin-54914_957
522,https://www.visitingangels.com/senior-homecare-beaver-dam-wisconsin-53916_943
523,https://www.visitingangels.com/senior-homecare-depere-wisconsin-54115_1300
524,https://www.visitingangels.com/senior-homecare-fond-du-lac-wisconsin-54935_956
525,https://www.visitingangels.com/senior-homecare-fort-atkinson-wisconsin-53538_125
526,https://www.visitingangels.com/senior-homecare-germantown-wisconsin-53022_126
527,https://www.visitingangels.com/senior-homecare-madison-wisconsin-53713_763
528,https://www.visitingangels.com/senior-homecare-milwaukee-wisconsin-53213_699
529,https://www.visitingangels.com/senior-homecare-oshkosh-wisconsin-54901_958
530,https://www.visitingangels.com/senior-homecare-pewaukee-wisconsin-53072_1112
531,https://www.visitingangels.com/senior-homecare-sheboygan-wisconsin-53081_1083
532,https://www.visitingangels.com/senior-homecare-benton-arkansas-72019_1262
533,https://www.visitingangels.com/senior-homecare-conway-arkansas-72032_1109
534,https://www.visitingangels.com/senior-homecare-fort-smith-arkansas-72901_1322
535,https://www.visitingangels.com/senior-homecare-hot-springs-arkansas-71901_1116
536,https://www.visitingangels.com/senior-homecare-jonesboro-arkansas-72401_619
537,https://www.visitingangels.com/senior-homecare-little-rock-arkansas-72211_591
538,https://www.visitingangels.com/senior-homecare-lowell-arkansas-72745_1321
539,https://www.visitingangels.com/senior-homecare-aurora-colorado-80011_1086
540,https://www.visitingangels.com/senior-homecare-brighton-colorado-80601_1090
541,https://www.visitingangels.com/senior-homecare-broomfield-colorado-80021_1246
542,https://www.visitingangels.com/senior-homecare-colorado-springs-colorado-80907_711
543,https://www.visitingangels.com/senior-homecare-eagle-colorado-81631_778
544,https://www.visitingangels.com/senior-homecare-grand-junction-colorado-81501_1255
545,https://www.visitingangels.com/senior-homecare-littleton-colorado-80120_1239
546,https://www.visitingangels.com/senior-homecare-longmont-colorado-80501_1245
547,https://www.visitingangels.com/senior-homecare-loveland-colorado-80538_1272
548,https://www.visitingangels.com/senior-homecare-pagosa-springs-colorado-81147_658
549,https://www.visitingangels.com/senior-homecare-pueblo-colorado-81003_1041
550,https://www.visitingangels.com/senior-homecare-wheat-ridge-colorado-80033_1244
551,https://www.visitingangels.com/senior-homecare-acworth-georgia-30101_797
552,https://www.visitingangels.com/senior-homecare-alpharetta-georgia-30009_1181
553,https://www.visitingangels.com/senior-homecare-athens-georgia-30606_959
554,https://www.visitingangels.com/senior-homecare-east-atlanta-georgia-30305_314
555,https://www.visitingangels.com/senior-homecare-west-atlanta-georgia-30309_163
556,https://www.visitingangels.com/senior-homecare-augusta-georgia-30907_833
557,https://www.visitingangels.com/senior-homecare-brunswick-georgia-31520_818
558,https://www.visitingangels.com/senior-homecare-cleveland-georgia-30528_773
559,https://www.visitingangels.com/senior-homecare-columbus-georgia-31901_1071
560,https://www.visitingangels.com/senior-homecare-dallas-georgia-30157_151
561,https://www.visitingangels.com/senior-homecare-dawsonville-georgia-30534_410
562,https://www.visitingangels.com/senior-homecare-douglasville-georgia-30135_709
563,https://www.visitingangels.com/senior-homecare-ellijay-georgia-39540_1185
564,https://www.visitingangels.com/senior-homecare-fayetteville-georgia-30214_358
565,https://www.visitingangels.com/senior-homecare-griffin-georgia-30224_1100
566,https://www.visitingangels.com/senior-homecare-hoschton-georgia-30548_995
567,https://www.visitingangels.com/senior-homecare-lithonia-georgia-30058_1127
568,https://www.visitingangels.com/senior-homecare-marietta-georgia-30067_1024
569,https://www.visitingangels.com/senior-homecare-roswell-georgia-30075_1208
570,https://www.visitingangels.com/senior-homecare-savannah-georgia-31405_643
571,https://www.visitingangels.com/senior-homecare-tifton-georgia-31794_1217
572,https://www.visitingangels.com/senior-homecare-tucker-georgia-30084_762
573,https://www.visitingangels.com/senior-homecare-warner-robins-georgia-31088_485
574,https://www.visitingangels.com/senior-homecare-overland-park-kansas-66212_743
575,https://www.visitingangels.com/senior-homecare-topeka-kansas-66604_1054
576,https://www.visitingangels.com/senior-homecare-wichita-kansas-67208_1139
577,https://www.visitingangels.com/senior-homecare-ames-iowa-50010_1308
578,https://www.visitingangels.com/senior-homecare-bettendorf-iowa-52722_1087
579,https://www.visitingangels.com/senior-homecare-cedar-rapids-iowa-52402_1069
580,https://www.visitingangels.com/senior-homecare-sioux-city-iowa-51108_945
581,https://www.visitingangels.com/senior-homecare-urbandale-iowa-50322_1312
582,https://www.visitingangels.com/senior-homecare-colchester-vermont-05446_1057
583,https://www.visitingangels.com/senior-homecare-claremont-new-hampshire-03743_1134
584,https://www.visitingangels.com/senior-homecare-bangor-maine-04401_983
585,https://www.visitingangels.com/senior-homecare-acton-massachusetts-01720_440
586,https://www.visitingangels.com/senior-homecare-boston-massachusetts-02108_1213
587,https://www.visitingangels.com/senior-homecare-chelmsford-massachusetts-01824_1144
588,https://www.visitingangels.com/senior-homecare-chelsea-massachusetts-02150_1064
589,https://www.visitingangels.com/senior-homecare-danvers-massachusetts-01915_1170
590,https://www.visitingangels.com/senior-homecare-harwich-massachusetts-02645_545
591,https://www.visitingangels.com/senior-homecare-leominster-massachusetts-01453_1167
592,https://www.visitingangels.com/senior-homecare-marshfield-massachusetts-02050_1265
593,https://www.visitingangels.com/senior-homecare-medford-massachusetts-02155_595
594,https://www.visitingangels.com/senior-homecare-milford-massachusetts-01757_916
595,https://www.visitingangels.com/senior-homecare-n-attleboro-massachusetts-02760_53
596,https://www.visitingangels.com/senior-homecare-new-bedford-massachusetts-02740_823
597,https://www.visitingangels.com/senior-homecare-newburyport-massachusetts-01950_1274
598,https://www.visitingangels.com/senior-homecare-newton-massachusetts-02458_1188
599,https://www.visitingangels.com/senior-homecare-palmer-massachusetts-01069_1302
600,https://www.visitingangels.com/senior-homecare-pittsfield-massachusetts-01201_986
601,https://www.visitingangels.com/senior-homecare-raynham-massachusetts-02767_1039
602,https://www.visitingangels.com/senior-homecare-shelburne-falls-massachusetts-01370_1184
603,https://www.visitingangels.com/senior-homecare-southbridge-massachusetts-01550_672
604,https://www.visitingangels.com/senior-homecare-sudbury-massachusetts-01776_373
605,https://www.visitingangels.com/senior-homecare-west-springfield-massachusetts-01089_51
606,https://www.visitingangels.com/senior-homecare-worcester-massachusetts-01609_321
607,https://www.visitingangels.com/senior-homecare-florence-kentucky-41042_50
608,https://www.visitingangels.com/senior-homecare-lexington-kentucky-40503_628
609,https://www.visitingangels.com/senior-homecare-louisville-kentucky-40207_1294
610,https://www.visitingangels.com/senior-homecare-richmond-kentucky-40475_985
611,https://www.visitingangels.com/senior-homecare-simpsonville-kentucky-40067_1318
612,https://www.visitingangels.com/senior-homecare-versailles-kentucky-40383_1194
613,https://www.visitingangels.com/senior-homecare-ames-iowa-50010_1308
614,https://www.visitingangels.com/senior-homecare-bettendorf-iowa-52722_1087
615,https://www.visitingangels.com/senior-homecare-cedar-rapids-iowa-52402_1069
616,https://www.visitingangels.com/senior-homecare-sioux-city-iowa-51108_945
617,https://www.visitingangels.com/senior-homecare-urbandale-iowa-50322_1312
618,https://www.visitingangels.com/senior-homecare-adrian-michigan-49221_1060
619,https://www.visitingangels.com/senior-homecare-ann-arbor-michigan-48108_749
620,https://www.visitingangels.com/senior-homecare-brighton-michigan-48116_63
621,https://www.visitingangels.com/senior-homecare-charlotte-michigan-48813_1131
622,https://www.visitingangels.com/senior-homecare-chelsea-michigan-48118_1202
623,https://www.visitingangels.com/senior-homecare-clarkston-michigan-48346_717
624,https://www.visitingangels.com/senior-homecare-dearborn-michigan-48120_1105
625,https://www.visitingangels.com/senior-homecare-east-lansing-michigan-48823_1252
626,https://www.visitingangels.com/senior-homecare-farmington-hills-michigan-48335_935
627,https://www.visitingangels.com/senior-homecare-ferndale-michigan-48820_1306
628,https://www.visitingangels.com/senior-homecare-frankenmuth-michigan-48734_61
629,https://www.visitingangels.com/senior-homecare-grand-rapids-michigan-49506_60
630,https://www.visitingangels.com/senior-homecare-grosse-pointe-woods-michigan-48236_1232
631,https://www.visitingangels.com/senior-homecare-livonia-michigan-48150_552
632,https://www.visitingangels.com/senior-homecare-monroe-michigan-48161_837
633,https://www.visitingangels.com/senior-homecare-novi-michigan-48377_1207
634,https://www.visitingangels.com/senior-homecare-okemos-michigan-48864_730
635,https://www.visitingangels.com/senior-homecare-owosso-michigan-48867_1250
636,https://www.visitingangels.com/senior-homecare-plainwell-michigan-49080_1137
637,https://www.visitingangels.com/senior-homecare-port-huron-michigan-48060_541
638,https://www.visitingangels.com/senior-homecare-portage-michigan-49002_1061
639,https://www.visitingangels.com/senior-homecare-rochester-hills-michigan-48309_832
640,https://www.visitingangels.com/senior-homecare-sterling-heights-michigan-48314_252
641,https://www.visitingangels.com/senior-homecare-mishawaka-indiana-46545_696
642,https://www.visitingangels.com/senior-homecare-audubon-pennsylvania-19403_320
643,https://www.visitingangels.com/senior-homecare-beaver-pennsylvania-15009_1253
644,https://www.visitingangels.com/senior-homecare-bensalem-pennsylvania-19020_317
645,https://www.visitingangels.com/senior-homecare-bethlehem-pennsylvania-18018_905
646,https://www.visitingangels.com/senior-homecare-carlisle-pennsylvania-17013_853
647,https://www.visitingangels.com/senior-homecare-center-valley-pennsylvania-18034_934
648,https://www.visitingangels.com/senior-homecare-chadds-ford-pennsylvania-19317_1240
649,https://www.visitingangels.com/senior-homecare-doylestown-pennsylvania-18902_172
650,https://www.visitingangels.com/senior-homecare-east-stroudsburg-pennsylvania-18301_685
651,https://www.visitingangels.com/senior-homecare-exton-pennsylvania-19341_455
652,https://www.visitingangels.com/senior-homecare-forty-fort-pennsylvania-18704_459
653,https://www.visitingangels.com/senior-homecare-greensburg-pennsylvania-15601_929
654,https://www.visitingangels.com/senior-homecare-hanover-pennsylvania-17331_1199
655,https://www.visitingangels.com/senior-homecare-harrisburg-pennsylvania-17109_137
656,https://www.visitingangels.com/senior-homecare-havertown-pennsylvania-19083_1315
657,https://www.visitingangels.com/senior-homecare-horsham-pennsylvania-19044_1187
658,https://www.visitingangels.com/senior-homecare-jenkintown-pennsylvania-19046_1165
659,https://www.visitingangels.com/senior-homecare-lancaster-pennsylvania-17601_94
660,https://www.visitingangels.com/senior-homecare-lansdale-pennsylvania-19446_1028
661,https://www.visitingangels.com/senior-homecare-lewisburg-pennsylvania-17837_1273
662,https://www.visitingangels.com/senior-homecare-pittsburgh-pennsylvania-15234_806
663,https://www.visitingangels.com/senior-homecare-pottstown-pennsylvania-19464_518
664,https://www.visitingangels.com/senior-homecare-scranton-pennsylvania-18505_954
665,https://www.visitingangels.com/senior-homecare-verona-pennsylvania-15147_828
666,https://www.visitingangels.com/senior-homecare-washington-pennsylvania-15301_1328
667,https://www.visitingangels.com/senior-homecare-waynesboro-pennsylvania-17268_715
668,https://www.visitingangels.com/senior-homecare-north-hills-pittsburgh-pennsylvania-15090_1260
669,https://www.visitingangels.com/senior-homecare-wyomissing-pennsylvania-19610_1079
670,https://www.visitingangels.com/senior-homecare-york-pennsylvania-17402_95
671,https://www.visitingangels.com/senior-homecare-edina-minnesota-55435_1290
672,https://www.visitingangels.com/senior-homecare-little-canada-minnesota-55117_587
673,https://www.visitingangels.com/senior-homecare-mankato-minnesota-56001_745
674,https://www.visitingangels.com/senior-homecare-maplewood-minnesota-55119_607
675,https://www.visitingangels.com/senior-homecare-owatonna-minnesota-55060_675
676,https://www.visitingangels.com/senior-homecare-rochester-minnesota-55901_602
677,https://www.visitingangels.com/senior-homecare-st-cloud-minnesota-56304_1295
678,https://www.visitingangels.com/senior-homecare-st-louis-park-minnesota-55416_1189
679,https://www.visitingangels.com/senior-homecare-wayzata-minnesota-55391_751
680,https://www.visitingangels.com/senior-homecare-alameda-california-94501_1089
681,https://www.visitingangels.com/senior-homecare-anaheim-california-92805_1042
682,https://www.visitingangels.com/senior-homecare-burlingame-california-94010_510
683,https://www.visitingangels.com/senior-homecare-camarillo-california-93010_734
684,https://www.visitingangels.com/senior-homecare-cameron-park-california-95682_572
685,https://www.visitingangels.com/senior-homecare-carpinteria-california-93013_780
686,https://www.visitingangels.com/senior-homecare-cerritos-california-90703_1040
687,https://www.visitingangels.com/senior-homecare-chino-california-91710_662
688,https://www.visitingangels.com/senior-homecare-chula-vista-california-91911_1004
689,https://www.visitingangels.com/senior-homecare-el-cajon-california-92020_1006
690,https://www.visitingangels.com/senior-homecare-eureka-california-95501_386
691,https://www.visitingangels.com/senior-homecare-fremont-california-94538_1125
692,https://www.visitingangels.com/senior-homecare-fresno-california-93711_977
693,https://www.visitingangels.com/senior-homecare-garden-grove-california-92841_1276
694,https://www.visitingangels.com/senior-homecare-gilroy-california-95020_356
695,https://www.visitingangels.com/senior-homecare-glendale-california-91205_886
696,https://www.visitingangels.com/senior-homecare-glendora-california-91741_1157
697,https://www.visitingangels.com/senior-homecare-huntington-beach-california-92648_1126
698,https://www.visitingangels.com/senior-homecare-la-jolla-california-92037_1277
699,https://www.visitingangels.com/senior-homecare-la-mesa-california-91942_1038
700,https://www.visitingangels.com/senior-homecare-lake-forest-california-92630_1168
701,https://www.visitingangels.com/senior-homecare-lindsay-california-93247_1270
702,https://www.visitingangels.com/senior-homecare-livermore-california-94551_1278
703,https://www.visitingangels.com/senior-homecare-long-beach-california-90814_210
704,https://www.visitingangels.com/senior-homecare-beverly-hills-california-90035_1264
705,https://www.visitingangels.com/senior-homecare-los-angeles-california-90045_415
706,https://www.visitingangels.com/senior-homecare-murrieta-california-92562_191
707,https://www.visitingangels.com/senior-homecare-newport-beach-california-92663_1046
708,https://www.visitingangels.com/senior-homecare-orange-california-92867_1293
709,https://www.visitingangels.com/senior-homecare-pasadena-california-91105_887
710,https://www.visitingangels.com/senior-homecare-pinole-california-94564_917
711,https://www.visitingangels.com/senior-homecare-redding-california-96002_492
712,https://www.visitingangels.com/senior-homecare-redlands-california-92374_452
713,https://www.visitingangels.com/senior-homecare-san-jose-and-redwood-city-california-94063_290
714,https://www.visitingangels.com/senior-homecare-reseda-california-91335_973
715,https://www.visitingangels.com/senior-homecare-riverside-california-92509_209
716,https://www.visitingangels.com/senior-homecare-rocklin-california-95677_1192
717,https://www.visitingangels.com/senior-homecare-rolling-hills-estates-california-90274_1323
718,https://www.visitingangels.com/senior-homecare-midtown-sacramento-california-95818_932
719,https://www.visitingangels.com/senior-homecare-sacramento-california-95821_15
720,https://www.visitingangels.com/senior-homecare-san-diego-california-92108_1088
721,https://www.visitingangels.com/senior-homecare-poway-california-92131_1281
722,https://www.visitingangels.com/senior-homecare-redwood-city-california-95129_9
723,https://www.visitingangels.com/senior-homecare-san-jose-california-95125_1093
724,https://www.visitingangels.com/senior-homecare-san-luis-obispo-california-93401_571
725,https://www.visitingangels.com/senior-homecare-san-marcos-california-92069_1025
726,https://www.visitingangels.com/senior-homecare-san-pedro-california-90731_1152
727,https://www.visitingangels.com/senior-homecare-santa-monica-california-90401_990
728,https://www.visitingangels.com/senior-homecare-scotts-valley-california-95066_264
729,https://www.visitingangels.com/senior-homecare-simi-valley-california-93065_1091
730,https://www.visitingangels.com/senior-homecare-sunnyvale-california-94087_158
731,https://www.visitingangels.com/senior-homecare-toluca-lake-california-91602_448
732,https://www.visitingangels.com/senior-homecare-torrance-california-90503_626
733,https://www.visitingangels.com/senior-homecare-tustin-california-92780_1301
734,https://www.visitingangels.com/senior-homecare-upland-california-91786_1107
735,https://www.visitingangels.com/senior-homecare-valencia-california-91355_322
736,https://www.visitingangels.com/senior-homecare-victorville-california-92392_1326
737,https://www.visitingangels.com/senior-homecare-whittier-california-90603_1291
738,https://www.visitingangels.com/senior-homecare-woodland-hills-california-91364_756
739,https://www.visitingangels.com/senior-homecare-alexandria-virginia-22312_372
740,https://www.visitingangels.com/senior-homecare-charlottesville-virginia-22911_903
741,https://www.visitingangels.com/senior-homecare-chesapeake-virginia-23320_996
742,https://www.visitingangels.com/senior-homecare-fredericksburg-virginia-22401_258
743,https://www.visitingangels.com/senior-homecare-harrisonburg-virginia-22801_1206
744,https://www.visitingangels.com/senior-homecare-kilmarnock-virginia-22482_1204
745,https://www.visitingangels.com/senior-homecare-leesburg-virginia-20175_118
746,https://www.visitingangels.com/senior-homecare-lynchburg-virginia-24501_1007
747,https://www.visitingangels.com/senior-homecare-manassas-virginia-20110_1158
748,https://www.visitingangels.com/senior-homecare-newport-news-virginia-23606_1182
749,https://www.visitingangels.com/senior-homecare-norfolk-virginia-23510_1037
750,https://www.visitingangels.com/senior-homecare-richmond-virginia-23230_449
751,https://www.visitingangels.com/senior-homecare-midlothian-virginia-23235_313
752,https://www.visitingangels.com/senior-homecare-ridgeway-virginia-24148_835
753,https://www.visitingangels.com/senior-homecare-roanoke-virginia-24018_1298
754,https://www.visitingangels.com/senior-homecare-springfield-virginia-22152_840
755,https://www.visitingangels.com/senior-homecare-staunton-virginia-24401_1136
756,https://www.visitingangels.com/senior-homecare-vienna-virginia-22182_268
757,https://www.visitingangels.com/senior-homecare-virginia-beach-virginia-23455_1325
758,https://www.visitingangels.com/senior-homecare-princess-anne-virginia-23452_1324
759,https://www.visitingangels.com/senior-homecare-winchester-virginia-22602_863
760,https://www.visitingangels.com/senior-homecare-middletown-delaware-19709_1211
761,https://www.visitingangels.com/senior-homecare-milton-delaware-19968_1186
762,https://www.visitingangels.com/senior-homecare-wilmington-delaware-19803_768
763,https://www.visitingangels.com/senior-homecare-flowood-mississippi-39232_937
764,https://www.visitingangels.com/senior-homecare-petal-mississippi-39465_1140
765,https://www.visitingangels.com/senior-homecare-tupelo-mississippi-38804_889
766,https://www.visitingangels.com/senior-homecare-abingdon-maryland-21009_808
767,https://www.visitingangels.com/senior-homecare-baltimore-maryland-21206_483
768,https://www.visitingangels.com/senior-homecare-berlin-maryland-21811_1156
769,https://www.visitingangels.com/senior-homecare-bethesda-maryland-20814_999
770,https://www.visitingangels.com/senior-homecare-easton-maryland-21601_799
771,https://www.visitingangels.com/senior-homecare-edgewater-maryland-21037_1123
772,https://www.visitingangels.com/senior-homecare-eldersburg-maryland-21784_56
773,https://www.visitingangels.com/senior-homecare-frederick-maryland-21701_1247
774,https://www.visitingangels.com/senior-homecare-gaithersburg-maryland-20879_276
775,https://www.visitingangels.com/senior-homecare-hagerstown-maryland-21742_883
776,https://www.visitingangels.com/senior-homecare-hyattsville-maryland-20784_1017
777,https://www.visitingangels.com/senior-homecare-largo-maryland-20774_57
778,https://www.visitingangels.com/senior-homecare-millersville-maryland-21108_752
779,https://www.visitingangels.com/senior-homecare-reisterstown-maryland-21136_306
780,https://www.visitingangels.com/senior-homecare-salisbury-maryland-21804_1092
781,https://www.visitingangels.com/senior-homecare-silver-spring-maryland-20910_58
782,https://www.visitingangels.com/senior-homecare-towson-maryland-21204_269
783,https://www.visitingangels.com/senior-homecare-waldorf-maryland-20602_590
784,https://www.visitingangels.com/senior-homecare-carlisle-pennsylvania-17013_853
785,https://www.visitingangels.com/senior-homecare-aurora-colorado-80011_1086
786,https://www.visitingangels.com/senior-homecare-brighton-colorado-80601_1090
787,https://www.visitingangels.com/senior-homecare-broomfield-colorado-80021_1246
788,https://www.visitingangels.com/senior-homecare-colorado-springs-colorado-80907_711
789,https://www.visitingangels.com/senior-homecare-eagle-colorado-81631_778
790,https://www.visitingangels.com/senior-homecare-grand-junction-colorado-81501_1255
791,https://www.visitingangels.com/senior-homecare-littleton-colorado-80120_1239
792,https://www.visitingangels.com/senior-homecare-longmont-colorado-80501_1245
793,https://www.visitingangels.com/senior-homecare-loveland-colorado-80538_1272
794,https://www.visitingangels.com/senior-homecare-pagosa-springs-colorado-81147_658
795,https://www.visitingangels.com/senior-homecare-pueblo-colorado-81003_1041
796,https://www.visitingangels.com/senior-homecare-wheat-ridge-colorado-80033_1244
797,https://www.visitingangels.com/senior-homecare-acton-massachusetts-01720_440
798,https://www.visitingangels.com/senior-homecare-boston-massachusetts-02108_1213
799,https://www.visitingangels.com/senior-homecare-chelmsford-massachusetts-01824_1144
800,https://www.visitingangels.com/senior-homecare-chelsea-massachusetts-02150_1064
801,https://www.visitingangels.com/senior-homecare-danvers-massachusetts-01915_1170
802,https://www.visitingangels.com/senior-homecare-harwich-massachusetts-02645_545
803,https://www.visitingangels.com/senior-homecare-leominster-massachusetts-01453_1167
804,https://www.visitingangels.com/senior-homecare-marshfield-massachusetts-02050_1265
805,https://www.visitingangels.com/senior-homecare-medford-massachusetts-02155_595
806,https://www.visitingangels.com/senior-homecare-milford-massachusetts-01757_916
807,https://www.visitingangels.com/senior-homecare-n-attleboro-massachusetts-02760_53
808,https://www.visitingangels.com/senior-homecare-new-bedford-massachusetts-02740_823
809,https://www.visitingangels.com/senior-homecare-newburyport-massachusetts-01950_1274
810,https://www.visitingangels.com/senior-homecare-newton-massachusetts-02458_1188
811,https://www.visitingangels.com/senior-homecare-palmer-massachusetts-01069_1302
812,https://www.visitingangels.com/senior-homecare-pittsfield-massachusetts-01201_986
813,https://www.visitingangels.com/senior-homecare-raynham-massachusetts-02767_1039
814,https://www.visitingangels.com/senior-homecare-shelburne-falls-massachusetts-01370_1184
815,https://www.visitingangels.com/senior-homecare-southbridge-massachusetts-01550_672
816,https://www.visitingangels.com/senior-homecare-sudbury-massachusetts-01776_373
817,https://www.visitingangels.com/senior-homecare-west-springfield-massachusetts-01089_51
818,https://www.visitingangels.com/senior-homecare-worcester-massachusetts-01609_321
819,https://www.visitingangels.com/senior-homecare-adrian-michigan-49221_1060
820,https://www.visitingangels.com/senior-homecare-ann-arbor-michigan-48108_749
821,https://www.visitingangels.com/senior-homecare-brighton-michigan-48116_63
822,https://www.visitingangels.com/senior-homecare-charlotte-michigan-48813_1131
823,https://www.visitingangels.com/senior-homecare-chelsea-michigan-48118_1202
824,https://www.visitingangels.com/senior-homecare-clarkston-michigan-48346_717
825,https://www.visitingangels.com/senior-homecare-dearborn-michigan-48120_1105
826,https://www.visitingangels.com/senior-homecare-east-lansing-michigan-48823_1252
827,https://www.visitingangels.com/senior-homecare-farmington-hills-michigan-48335_935
828,https://www.visitingangels.com/senior-homecare-ferndale-michigan-48820_1306
829,https://www.visitingangels.com/senior-homecare-frankenmuth-michigan-48734_61
830,https://www.visitingangels.com/senior-homecare-grand-rapids-michigan-49506_60
831,https://www.visitingangels.com/senior-homecare-grosse-pointe-woods-michigan-48236_1232
832,https://www.visitingangels.com/senior-homecare-livonia-michigan-48150_552
833,https://www.visitingangels.com/senior-homecare-monroe-michigan-48161_837
834,https://www.visitingangels.com/senior-homecare-novi-michigan-48377_1207
835,https://www.visitingangels.com/senior-homecare-okemos-michigan-48864_730
836,https://www.visitingangels.com/senior-homecare-owosso-michigan-48867_1250
837,https://www.visitingangels.com/senior-homecare-plainwell-michigan-49080_1137
838,https://www.visitingangels.com/senior-homecare-port-huron-michigan-48060_541
839,https://www.visitingangels.com/senior-homecare-portage-michigan-49002_1061
840,https://www.visitingangels.com/senior-homecare-rochester-hills-michigan-48309_832
841,https://www.visitingangels.com/senior-homecare-sterling-heights-michigan-48314_252
842,https://www.visitingangels.com/senior-homecare-mishawaka-indiana-46545_696
843,https://www.visitingangels.com/senior-homecare-mandeville-louisiana-70448_1114
844,https://www.visitingangels.com/senior-homecare-new-orleans-louisiana-70123_138
